{
  "t_final": 0.02,
  "min_temperature": 0.0,
  "max_temperature": 99.95531141737365,
  "dt_max_stable": 0.00025,
  "sensor_validation": {
    "rmse": 9.755002050598366,
    "mae": 8.480616272412977,
    "max_error": 14.95531141737365,
    "n_measurements": 5
  },
  "calibration": {
    "alpha_initial": 0.1,
    "alpha_fitted": 0.1204738624605968,
    "success": true,
    "n_evals": 6,
    "final_cost": 195.96873808492413,
    "rmse_before": 9.755002050598366,
    "rmse_after": 8.853671285628897
  }
}