t,x,y,temperature,i,j,predicted_temperature,residual
0.0,0.25,0.25,95.0,25,25,100.0,5.0
0.1,0.25,0.25,90.0,25,25,99.95531141737365,9.95531141737365
0.1,0.4,0.4,70.0,40,40,71.24622926365879,1.2462292636587904
0.2,0.25,0.25,85.0,25,25,99.95531141737365,14.95531141737365
0.2,0.4,0.4,60.0,40,40,71.24622926365879,11.24622926365879
