{
  "t_final": 0.02,
  "min_temperature": 0.0,
  "max_temperature": 99.9981379478227,
  "dt_max_stable": 0.0003571428571428571,
  "calibration": {
    "alpha_initial": 0.07,
    "alpha_fitted": 0.0699374463190277,
    "success": true,
    "n_evals": 3,
    "final_cost": 2.137232389433161,
    "rmse_before": 0.4137038316658557,
    "rmse_after": 0.413495575737701
  }
}