{
  "t_final": 0.02,
  "min_temperature": 0.0,
  "max_temperature": 99.95531141737365,
  "dt_max_stable": 0.00025
}